<suite name="MultiThreading TestSuite" parallel="classes" thread-count="2">

<test name="FireFox Test">
	<classes>
		<class name="tutorial.selenium.TestNG_MultiThreading">
		</class>
		<class name="tutorial.selenium.TestNG_GoogleSearch">
		</class>
	</classes>
</test>
</suite>


<!--
<listeners>
	<listener class-name="utilities.SeleniumListeners"></listener>
</listeners>
<test name="Chrome Test">
<parameter name="browserType" value="chrome" />
	<classes>
		<class name="tutorial.selenium.TestNG_MultiBrowserAndParallelTests">
		</class>
	</classes>
</test> -->